username,collaboration_type
Supachan,individual
praserx,mixed
huangsheng97,mixed
okakee,mixed
anriaz,mixed
ephemer4l,mixed
LittleB0xes,mixed
suprelory,individual
yaptx,mixed
praneethkvs,mixed
zmeiresearch,mixed
laughingman7743,mixed
rstandow,mixed
orelTahary,mixed
codetrooper108,mixed
AzyMyt,mixed
Saxopwned,collaborative
aichangex,mixed
sibottle,mixed
freezeoncrack,mixed
Rguarnizo,mixed
dudemelo,error
johnmurrayfreedom,mixed
shubhampatel06,individual
kthamessr,mixed
vfeliu04,mixed
augustoreyesdelgado,individual
ShazedaOni,individual
luogenomics,mixed
Sri200519,mixed
mads-mikkel,mixed
asdtiwari,mixed
Anuragcpp,error
LuizFernando110,mixed
Intron014,mixed
onyphe,mixed
AlexthePear,mixed
areyouroot,mixed
vwv-source,individual
rawhide81,collaborative
SeveredVercetti,collaborative
relitrix-archive,collaborative
sazhas,mixed
maxnelson,individual
markinsutton,mixed
GeorgeKerscher,mixed
kljzndx,mixed
WinaGea,individual
josebohorquez1,mixed
williamjstanton,mixed
vvvv1111vvvv,mixed
TBO-BrutusAlbion,collaborative
DREK69,mixed
Roseleaves,mixed
ROFLING,mixed
Youthername,individual
idkpmiller,mixed
nkyozkz,mixed
Zoaib-Sir,individual
JuzHarii,mixed
M0M0KO,mixed
shirishshrestha,mixed
Pamasi,mixed
wSanice,mixed
Redomine,mixed
marigostra,mixed
zeeshan-shafeek,individual
liamerven,mixed
KreerC,collaborative
nanabingies,mixed
